serie,modele,graine,R2_oos_%,IC_spearman,sharpe_net,DM_pvalue
signal,moyenne_historique,0,-0.08065729887627437,-0.0223341222305519,-0.33875112060455603,0.9553475873076613
signal,ridge,0,0.8471580182462413,0.07187758004123859,0.9383378067150038,0.001027531021428385
signal,gradient_boosting,0,0.11380426387743725,0.049754089933306066,0.44584398850048845,0.4084282376811579
signal,oracle,0,1.4677047823753897,0.09804369487059303,1.0956767248967831,0.00020201247592688265
placebo,moyenne_historique,0,-0.020055877934321842,-0.016804418282388957,0.16443700459720378,0.6949057153908251
placebo,ridge,0,-0.03207211807423338,-0.02081560964171135,0.1706627059372403,0.7885614697166416
placebo,gradient_boosting,0,-1.3072216916304669,-0.017666227190960327,-0.4594497545034791,0.9998797118010174
signal,moyenne_historique,1,-0.025333812629613206,-0.0045477146793225925,-0.3024095652630664,0.7520579394890758
signal,ridge,1,0.2424520845925926,0.049240355820522615,0.42476226483200286,0.11082890935829415
signal,gradient_boosting,1,-0.504060873609502,0.0353349595344601,0.40487438392590486,0.8616947501787446
signal,oracle,1,0.7614825383619239,0.07988977336704271,1.229143329073615,0.011888872683515461
placebo,moyenne_historique,1,-0.05783119128792702,-0.004606129834115259,-0.3513174442658247,0.7994299606550019
placebo,ridge,1,-0.055790406087674604,-0.0044482823783993835,-0.22342232618341398,0.7884033097415921
placebo,gradient_boosting,1,-1.283970990942196,-0.02384437549690449,-0.4381480506955814,0.9999441574699761
signal,moyenne_historique,2,0.015111042191484625,-0.019188369099847804,0.30698689569690896,0.44772437913478325
signal,ridge,2,0.5387602535161018,0.073886134932337,1.1458858140032528,0.06300516959642921
signal,gradient_boosting,2,-1.1422759598055388,0.0314278944859371,0.5587390706830158,0.9844461842300513
signal,oracle,2,0.650601291130104,0.0848086647995455,1.198991141451847,0.023715480609062034
placebo,moyenne_historique,2,-0.013906344812686378,-0.010389334736891,0.24179766422005855,0.5403331926193681
placebo,ridge,2,-0.20907313289573182,0.002022691474756358,-0.11445126670823254,0.8255722854805007
placebo,gradient_boosting,2,-1.7325186564737693,-0.005305714753972987,-0.022946041070109127,0.999933011913656
signal,moyenne_historique,3,-0.04593853889869326,0.004981497006366349,0.1343567143276499,0.8373334905214473
signal,ridge,3,0.5368116796979017,0.06184528823111321,0.8346193108916852,0.00858082382724945
signal,gradient_boosting,3,-0.34300287928461515,0.04554809854274331,0.2947568767999445,0.7729313482387163
signal,oracle,3,0.8566210984361167,0.07076121710803646,0.7534526068068397,0.011050227418551328
placebo,moyenne_historique,3,-0.031166578269403722,-0.043273607529473866,-0.3055814149939305,0.9819781881472528
placebo,ridge,3,-0.02519819616515484,-0.03512061084473602,-0.6086416770391335,0.9454810708069801
placebo,gradient_boosting,3,-1.226765881592784,-0.0009015717059185994,-0.29775796593857384,0.9993793591177366
signal,moyenne_historique,4,0.06343149391321301,-0.004855534312877388,0.5539155494744685,0.3171127463160024
signal,ridge,4,1.2305399471866707,0.10477408810123601,1.2942690884160917,0.00030264930600820694
signal,gradient_boosting,4,0.14772536426115312,0.08731053641633897,1.1924142864081098,0.39231813450252195
signal,oracle,4,1.5324624379270957,0.11407810567738624,1.4466400893343243,2.5054682400327266e-05
placebo,moyenne_historique,4,-0.036217530686233346,-0.0023740479809817644,0.30652819007655835,0.646302379156441
placebo,ridge,4,-0.0349228328929474,-0.0006652168660923019,0.30652819007655835,0.641235254440571
placebo,gradient_boosting,4,-1.2448224705965183,0.0017320449375838093,-0.2927382541475804,0.9991600424224403
signal,moyenne_historique,5,0.11378398295434078,-0.0007874730367202265,0.5391905244906975,0.08163884331034543
signal,ridge,5,0.8861454151276149,0.06680005277836464,1.0818123507974267,0.0034350812294560162
signal,gradient_boosting,5,-0.09736969341782586,0.04758262489378902,0.47676478994060517,0.5786800163163943
signal,oracle,5,1.4852431224270934,0.09185865818294921,1.22121791094119,0.00016415261215507737
placebo,moyenne_historique,5,-0.02093913854785967,-0.0075020404782547324,-0.13427277937137985,0.6899084903585466
placebo,ridge,5,-0.08110032074846174,-0.005579211237439949,-0.12636655582855588,0.7967349358082052
placebo,gradient_boosting,5,-1.3262955468025028,-0.006761377949858474,-0.46628372185640066,0.9998576372837592
signal,moyenne_historique,6,-0.12051328136393202,-0.067149588519242,-0.9348580039821646,0.9993582190676407
signal,ridge,6,0.8415191106752484,0.09062627320635844,0.9428960114172141,0.005842672738684218
signal,gradient_boosting,6,0.32618391256149515,0.08007952409790521,0.960067569542933,0.2633140773148084
signal,oracle,6,1.7711836466928643,0.12135719486663048,1.377249562987122,5.971523842185356e-06
placebo,moyenne_historique,6,-0.04054508394002454,-0.016116345838293286,-0.1557459984054037,0.8914708996909424
placebo,ridge,6,-0.058801503852823345,-0.028947014550634954,-0.31393558541224986,0.9626709683336757
placebo,gradient_boosting,6,-1.3624418037351704,-0.004513184342090774,-0.09669540449208926,0.9997341700157111
signal,moyenne_historique,7,-0.08039177397247688,0.0070179524430349985,0.3070795156108596,0.7186862331213116
signal,ridge,7,1.2964661365274521,0.09601962713750763,1.2421016537876617,0.0004107163195019581
signal,gradient_boosting,7,0.41448493723302837,0.08200144029727559,0.983864608477164,0.22473491439627313
signal,oracle,7,1.9761768249910605,0.11967358701400772,1.4560386763877304,5.807676460523048e-06
placebo,moyenne_historique,7,-0.07076927059594951,-0.02094019509214148,-0.003893597779822108,0.8595743805330824
placebo,ridge,7,-0.07477771104837938,-0.02488312911954807,0.07719273659799476,0.8727183146141727
placebo,gradient_boosting,7,-1.2960000841786945,0.011516112762997492,-0.15007718613103668,0.9993410276374214
signal,moyenne_historique,8,-0.01878208195587039,-0.01431879549461393,0.29580499827204054,0.5622777273459152
signal,ridge,8,1.680241809170635,0.11937575332812272,1.5550287877566662,1.7366384675865376e-06
signal,gradient_boosting,8,0.6369422430028582,0.08949739888751375,1.118290572089511,0.09133073134324532
signal,oracle,8,1.9433813319433835,0.13254839584447817,1.585818909674378,5.64634708877243e-07
placebo,moyenne_historique,8,0.006688473826554908,-0.018940143539568466,0.26722776445938046,0.4549712272849744
placebo,ridge,8,0.017145973931464997,-0.01257081152399789,0.2727912344855082,0.40492473167018184
placebo,gradient_boosting,8,-1.1509463807667375,0.0042289113698931935,-0.10754182556993902,0.9993397867848446
signal,moyenne_historique,9,-0.06471194239934253,-0.038005472820835946,0.07955472026494222,0.9180354695541485
signal,ridge,9,0.5182012309046802,0.05908671607573243,0.5908084865329449,0.010533049504134584
signal,gradient_boosting,9,-0.5504596666676242,0.03035550564542427,0.1952487077174291,0.9054995012433953
signal,oracle,9,1.2409844262201375,0.08633345051092428,1.2517020921923385,0.0006909368998008203
placebo,moyenne_historique,9,-0.045018473462232755,-0.021101148582503552,-0.1665713078375239,0.941774499782736
placebo,ridge,9,-0.14080472769149033,0.027352067039961705,0.2352149898558019,0.8154432591141914
placebo,gradient_boosting,9,-1.141903848181447,0.02862691888185305,0.1342717440029306,0.9949098836757391
